[
  {
    "value": "Abril",
    "synonyms": [
      "Abril"
    ]
  },
  {
    "value": "Agosto",
    "synonyms": [
      "Agosto"
    ]
  },
  {
    "value": "Diciembre",
    "synonyms": [
      "Diciembre"
    ]
  },
  {
    "value": "Enero",
    "synonyms": [
      "Enero"
    ]
  },
  {
    "value": "Febrero",
    "synonyms": [
      "Febrero"
    ]
  },
  {
    "value": "Julio",
    "synonyms": [
      "Julio"
    ]
  },
  {
    "value": "Junio",
    "synonyms": [
      "Junio"
    ]
  },
  {
    "value": "Marzo",
    "synonyms": [
      "Marzo"
    ]
  },
  {
    "value": "Mayo",
    "synonyms": [
      "Mayo"
    ]
  },
  {
    "value": "Noviembre",
    "synonyms": [
      "Noviembre"
    ]
  },
  {
    "value": "Octubre",
    "synonyms": [
      "Octubre"
    ]
  },
  {
    "value": "Septiembre",
    "synonyms": [
      "Septiembre"
    ]
  }
]