[
  {
    "id": "4b5e852a-bcb9-4014-9b6e-af6548316ad8",
    "data": [
      {
        "text": "NO RESPONDES NI ABSUELVES MI CONSULTA VIKTOR",
        "userDefined": false
      }
    ],
    "isTemplate": false,
    "count": 0,
    "updated": 0
  },
  {
    "id": "1f351346-f9f0-4ad8-a772-0c097d7d0ba3",
    "data": [
      {
        "text": "Viktor",
        "userDefined": false
      }
    ],
    "isTemplate": false,
    "count": 0,
    "updated": 0
  },
  {
    "id": "7c5323b6-1650-4153-b843-a35ebb7eedf9",
    "data": [
      {
        "text": "trabajas con algoritmos?",
        "userDefined": false
      }
    ],
    "isTemplate": false,
    "count": 0,
    "updated": 0
  },
  {
    "id": "41f07ac7-2250-4ab3-8ac6-58ed6c2df322",
    "data": [
      {
        "text": "cuales son tus algoritmos",
        "userDefined": false
      }
    ],
    "isTemplate": false,
    "count": 0,
    "updated": 0
  },
  {
    "id": "5e856aa0-cf0b-4956-80ec-d07cdf8664d4",
    "data": [
      {
        "text": "que algoritmos te programaron",
        "userDefined": false
      }
    ],
    "isTemplate": false,
    "count": 0,
    "updated": 0
  },
  {
    "id": "3d1eefde-ffa3-465b-b703-dc997d7b6682",
    "data": [
      {
        "text": "algoritmos",
        "userDefined": false
      }
    ],
    "isTemplate": false,
    "count": 0,
    "updated": 0
  }
]