[
  {
    "id": "2c9fe4cd-a4b5-4974-8cda-fb0863be5aab",
    "data": [
      {
        "text": "eres ",
        "userDefined": false
      },
      {
        "text": "masculino",
        "meta": "@sys.ignore",
        "userDefined": false
      },
      {
        "text": "?",
        "userDefined": false
      }
    ],
    "isTemplate": false,
    "count": 1,
    "updated": 0
  },
  {
    "id": "b0e86918-d3d6-4489-84ee-ef5834397309",
    "data": [
      {
        "text": "eres hombre?",
        "userDefined": false
      }
    ],
    "isTemplate": false,
    "count": 0,
    "updated": 0
  }
]