[
  {
    "id": "e10ab5c7-937c-4d13-9946-1c41d2ab9319",
    "data": [
      {
        "text": "La carrera de educación en computacion",
        "userDefined": false
      }
    ],
    "isTemplate": false,
    "count": 0,
    "updated": 0
  },
  {
    "id": "d6ab7f83-4dd6-4695-b324-8a18fd0758a6",
    "data": [
      {
        "text": "buenas, una consulta es universidad en tacna con cuantas carreras cuenta y cuales son",
        "userDefined": false
      }
    ],
    "isTemplate": false,
    "count": 1,
    "updated": 0
  },
  {
    "id": "fe531ffe-c518-4e85-8008-103ec2d05572",
    "data": [
      {
        "text": "carreras",
        "userDefined": false
      }
    ],
    "isTemplate": false,
    "count": 0,
    "updated": 0
  },
  {
    "id": "fd130f8c-1026-419a-a73a-e06092307d88",
    "data": [
      {
        "text": "que carreras tienen?",
        "userDefined": false
      }
    ],
    "isTemplate": false,
    "count": 1,
    "updated": 0
  },
  {
    "id": "e8bb1a0c-fa8d-4be0-a720-18c2d0a48df8",
    "data": [
      {
        "text": "info de contabilidad",
        "userDefined": false
      }
    ],
    "isTemplate": false,
    "count": 0,
    "updated": 0
  },
  {
    "id": "6806787c-03c9-4e58-a337-106703b8bfeb",
    "data": [
      {
        "text": "informacion de contabilidad",
        "userDefined": false
      }
    ],
    "isTemplate": false,
    "count": 0,
    "updated": 0
  },
  {
    "id": "e2b7319c-97a9-4dc8-9129-6a56bcf9146a",
    "data": [
      {
        "text": "informacion de derecho",
        "userDefined": false
      }
    ],
    "isTemplate": false,
    "count": 0,
    "updated": 0
  },
  {
    "id": "881fc8c8-a2b8-40bf-8aa9-45bd9811433f",
    "data": [
      {
        "text": "carreras_admision_payload",
        "userDefined": false
      }
    ],
    "isTemplate": false,
    "count": 0,
    "updated": 0
  },
  {
    "id": "0d23fc6b-52e2-45d2-8150-69d1cca8c48c",
    "data": [
      {
        "text": "que carreras tienen disponibles",
        "userDefined": false
      }
    ],
    "isTemplate": false,
    "count": 0,
    "updated": 0
  },
  {
    "id": "6ba6698a-9936-4377-bbfb-8033fc285de3",
    "data": [
      {
        "text": "que carreras ",
        "userDefined": false
      },
      {
        "text": "hay",
        "meta": "@sys.ignore",
        "userDefined": false
      },
      {
        "text": " para postular",
        "userDefined": false
      }
    ],
    "isTemplate": false,
    "count": 0,
    "updated": 0
  },
  {
    "id": "ef4b5799-2c24-47bb-b0e9-83062048570c",
    "data": [
      {
        "text": "a que carreras puedo postular",
        "userDefined": false
      }
    ],
    "isTemplate": false,
    "count": 0,
    "updated": 0
  }
]