[
  {
    "id": "2c43f8ba-1d64-4d1c-be54-bf4fd5f4c31f",
    "data": [
      {
        "text": "Paso ",
        "userDefined": false
      },
      {
        "text": "3",
        "meta": "@sys.ignore",
        "userDefined": false
      }
    ],
    "isTemplate": false,
    "count": 1,
    "updated": 0
  },
  {
    "id": "5ff81179-ea01-499d-af91-011e79111d0d",
    "data": [
      {
        "text": "paso3_pre_payload",
        "userDefined": false
      }
    ],
    "isTemplate": false,
    "count": 1,
    "updated": 0
  }
]