[
  {
    "id": "65f5f8e1-1db7-43c6-b876-4d8fca3eb6aa",
    "data": [
      {
        "text": "En una hora",
        "meta": "@sys.ignore",
        "userDefined": false
      }
    ],
    "isTemplate": false,
    "count": 0,
    "updated": 0
  },
  {
    "id": "973bef35-1b96-4670-a103-284c93f1daab",
    "data": [
      {
        "text": "Es decir, en este momento",
        "userDefined": false
      }
    ],
    "isTemplate": false,
    "count": 0,
    "updated": 0
  },
  {
    "id": "593762b9-6093-4f3b-a163-af550e0f0241",
    "data": [
      {
        "text": "en este momento",
        "userDefined": false
      }
    ],
    "isTemplate": false,
    "count": 0,
    "updated": 0
  },
  {
    "id": "676be4ec-c914-4d06-bdb7-c9c754e273cc",
    "data": [
      {
        "text": "en una hora",
        "meta": "@sys.ignore",
        "userDefined": false
      }
    ],
    "isTemplate": false,
    "count": 0,
    "updated": 0
  }
]