[
  {
    "id": "a8b7fe50-e5ec-41dc-a061-a86682c86d63",
    "data": [
      {
        "text": "cual es la temperatura actual en ",
        "userDefined": false
      },
      {
        "text": "Tacna",
        "alias": "Regiones-Peru",
        "meta": "@Regiones-Peru",
        "userDefined": true
      }
    ],
    "isTemplate": false,
    "count": 0,
    "updated": 0
  },
  {
    "id": "8239ea85-aeae-41d4-b372-c8e2bcd6a2e6",
    "data": [
      {
        "text": "dime la temperatura de ",
        "userDefined": false
      },
      {
        "text": "tacna",
        "alias": "Regiones-Peru",
        "meta": "@Regiones-Peru",
        "userDefined": false
      }
    ],
    "isTemplate": false,
    "count": 0,
    "updated": 0
  },
  {
    "id": "9ebf7339-4524-4087-8785-dd776da4be09",
    "data": [
      {
        "text": "clima ",
        "userDefined": false
      },
      {
        "text": "Tacna",
        "alias": "Regiones-Peru",
        "meta": "@Regiones-Peru",
        "userDefined": true
      }
    ],
    "isTemplate": false,
    "count": 0,
    "updated": 0
  },
  {
    "id": "79ef5312-923d-4b0e-a0fa-aac6d7de7638",
    "data": [
      {
        "text": "avisame del clima en ",
        "userDefined": false
      },
      {
        "text": "tacna",
        "alias": "Regiones-Peru",
        "meta": "@Regiones-Peru",
        "userDefined": true
      }
    ],
    "isTemplate": false,
    "count": 0,
    "updated": 0
  },
  {
    "id": "594cb3f5-d933-4448-9474-5185651d5371",
    "data": [
      {
        "text": "temperatura ",
        "userDefined": false
      },
      {
        "text": "tacna",
        "alias": "Regiones-Peru",
        "meta": "@Regiones-Peru",
        "userDefined": true
      }
    ],
    "isTemplate": false,
    "count": 0,
    "updated": 0
  },
  {
    "id": "8febfb36-873c-4f7b-9b0b-4a1df1625b5f",
    "data": [
      {
        "text": "cual es el clima en ",
        "userDefined": false
      },
      {
        "text": "Tacna",
        "alias": "Regiones-Peru",
        "meta": "@Regiones-Peru",
        "userDefined": true
      }
    ],
    "isTemplate": false,
    "count": 0,
    "updated": 0
  }
]