[
  {
    "id": "7f01b78a-33f2-49de-a2d1-f061b6a8999e",
    "data": [
      {
        "text": "Hasta pronto!",
        "userDefined": false
      }
    ],
    "isTemplate": false,
    "count": 0,
    "updated": 0
  },
  {
    "id": "51d71829-5c83-4866-83b0-f84cfaa46e7b",
    "data": [
      {
        "text": "Muy amable",
        "userDefined": false
      }
    ],
    "isTemplate": false,
    "count": 0,
    "updated": 0
  },
  {
    "id": "25688035-88de-4d77-b393-524ca718060a",
    "data": [
      {
        "text": "Muy Agradecido",
        "userDefined": false
      }
    ],
    "isTemplate": false,
    "count": 0,
    "updated": 0
  },
  {
    "id": "4ca6bf2b-7017-4da9-bd78-0d4c45287e0f",
    "data": [
      {
        "text": "Nos vemos",
        "userDefined": false
      }
    ],
    "isTemplate": false,
    "count": 0,
    "updated": 0
  },
  {
    "id": "31133a30-6b7c-4f0f-b746-2452cda40322",
    "data": [
      {
        "text": "Chau",
        "userDefined": false
      }
    ],
    "isTemplate": false,
    "count": 0,
    "updated": 0
  },
  {
    "id": "4f945d9e-cb5f-4fbf-94f5-4e58e64e63c7",
    "data": [
      {
        "text": "Okey",
        "userDefined": false
      }
    ],
    "isTemplate": false,
    "count": 0,
    "updated": 0
  },
  {
    "id": "e25e3bad-c7a5-4138-aeaa-81db67d35b61",
    "data": [
      {
        "text": "chevere",
        "userDefined": false
      }
    ],
    "isTemplate": false,
    "count": 3,
    "updated": 0
  },
  {
    "id": "61e3aa5a-521b-4579-8264-b48dffb8ed6f",
    "data": [
      {
        "text": "Muchas gracias",
        "userDefined": false
      }
    ],
    "isTemplate": false,
    "count": 0,
    "updated": 0
  },
  {
    "id": "137f6f2b-fa7a-46ff-8dd1-59c987c195b1",
    "data": [
      {
        "text": "Gracias",
        "userDefined": false
      }
    ],
    "isTemplate": false,
    "count": 0,
    "updated": 0
  }
]