[
  {
    "id": "1fcf73ab-0efc-40cb-84f5-b4f4b9f06501",
    "data": [
      {
        "text": "como imprimo ",
        "userDefined": false
      },
      {
        "text": "un",
        "alias": "time",
        "meta": "@sys.time",
        "userDefined": false
      },
      {
        "text": " fut",
        "userDefined": false
      }
    ],
    "isTemplate": false,
    "count": 0,
    "updated": 0
  },
  {
    "id": "524ed44c-e8c9-413e-869f-f1fe8cd192a2",
    "data": [
      {
        "text": "como puedo imprimir ",
        "userDefined": false
      },
      {
        "text": "una",
        "alias": "time",
        "meta": "@sys.time",
        "userDefined": false
      },
      {
        "text": " solicitud para ujcm",
        "userDefined": false
      }
    ],
    "isTemplate": false,
    "count": 0,
    "updated": 0
  },
  {
    "id": "8add00ea-d3e4-4cee-a37f-76f92a668f08",
    "data": [
      {
        "text": "como imprimo mi FUT de la UJCM",
        "userDefined": false
      }
    ],
    "isTemplate": false,
    "count": 0,
    "updated": 0
  },
  {
    "id": "e68b8da6-159c-4fec-90e7-76ea1ffc13f5",
    "data": [
      {
        "text": "tienes ",
        "userDefined": false
      },
      {
        "text": "un",
        "meta": "@sys.ignore",
        "userDefined": false
      },
      {
        "text": " modelo de fut?",
        "userDefined": false
      }
    ],
    "isTemplate": false,
    "count": 0,
    "updated": 0
  },
  {
    "id": "996d0578-88b1-4613-b070-afbfecec11f3",
    "data": [
      {
        "text": "FUT",
        "userDefined": false
      }
    ],
    "isTemplate": false,
    "count": 0,
    "updated": 0
  },
  {
    "id": "42a5683c-84e2-4764-bdf3-e27eb85cfb45",
    "data": [
      {
        "text": "buenas dias me pueden pasar ",
        "userDefined": false
      },
      {
        "text": "un",
        "meta": "@sys.ignore",
        "userDefined": false
      },
      {
        "text": " modelo de fut",
        "userDefined": false
      }
    ],
    "isTemplate": false,
    "count": 0,
    "updated": 0
  }
]