[
  {
    "id": "95d4edea-d8af-4d25-b72c-52d27f6b69ed",
    "data": [
      {
        "text": "Hay",
        "meta": "@sys.ignore",
        "userDefined": false
      },
      {
        "text": " clases en la ",
        "userDefined": false
      },
      {
        "text": "Universidad",
        "meta": "@sys.ignore",
        "userDefined": false
      },
      {
        "text": " ",
        "userDefined": false
      },
      {
        "text": "hoy",
        "meta": "@sys.ignore",
        "userDefined": false
      },
      {
        "text": " ",
        "userDefined": false
      },
      {
        "text": "viernes",
        "meta": "@sys.ignore",
        "userDefined": false
      },
      {
        "text": " ",
        "userDefined": false
      },
      {
        "text": "14",
        "meta": "@sys.ignore",
        "userDefined": false
      },
      {
        "text": "?",
        "userDefined": false
      }
    ],
    "isTemplate": false,
    "count": 0,
    "updated": 0
  },
  {
    "id": "9ef4b07a-b2b0-43f2-8e40-5292d65dc2fe",
    "data": [
      {
        "text": "Quisiera saber, si ",
        "userDefined": false
      },
      {
        "text": "hoy",
        "meta": "@sys.ignore",
        "userDefined": false
      },
      {
        "text": " la atención es ",
        "userDefined": false
      },
      {
        "text": "normal",
        "meta": "@sys.ignore",
        "userDefined": false
      },
      {
        "text": ", en las oficinas?",
        "userDefined": false
      }
    ],
    "isTemplate": false,
    "count": 0,
    "updated": 0
  },
  {
    "id": "14879153-497c-412e-ab09-5e39164c016d",
    "data": [
      {
        "text": "muy buenas tardes , quisiera preguntarle si esque habra clases ",
        "userDefined": false
      },
      {
        "text": "hoy dia",
        "meta": "@sys.ignore",
        "userDefined": false
      },
      {
        "text": " ?",
        "userDefined": false
      }
    ],
    "isTemplate": false,
    "count": 1,
    "updated": 0
  },
  {
    "id": "3732209b-a964-403f-82c2-f60e71a5f624",
    "data": [
      {
        "text": "hoy",
        "meta": "@sys.ignore",
        "userDefined": false
      },
      {
        "text": " ",
        "userDefined": false
      },
      {
        "text": "hay",
        "meta": "@sys.ignore",
        "userDefined": false
      },
      {
        "text": " clases ",
        "userDefined": false
      },
      {
        "text": "normales",
        "meta": "@sys.ignore",
        "userDefined": false
      },
      {
        "text": "?",
        "userDefined": false
      }
    ],
    "isTemplate": false,
    "count": 0,
    "updated": 0
  },
  {
    "id": "74987bd7-e414-44aa-8f1d-d7fd8b7a3b5b",
    "data": [
      {
        "text": "feriados",
        "userDefined": false
      }
    ],
    "isTemplate": false,
    "count": 0,
    "updated": 0
  },
  {
    "id": "c95ebc8f-94a5-4093-92d0-df245976b076",
    "data": [
      {
        "text": "habra clases ",
        "userDefined": false
      },
      {
        "text": "normales",
        "meta": "@sys.ignore",
        "userDefined": false
      },
      {
        "text": "?",
        "userDefined": false
      }
    ],
    "isTemplate": false,
    "count": 0,
    "updated": 0
  },
  {
    "id": "6b56ffbb-b66b-4947-8183-79298ac51f83",
    "data": [
      {
        "text": "Este ",
        "userDefined": false
      },
      {
        "text": "sábado",
        "meta": "@sys.ignore",
        "userDefined": false
      },
      {
        "text": " ",
        "userDefined": false
      },
      {
        "text": "26",
        "meta": "@sys.ignore",
        "userDefined": false
      },
      {
        "text": " las clases será ",
        "userDefined": false
      },
      {
        "text": "normales",
        "meta": "@sys.ignore",
        "userDefined": false
      },
      {
        "text": "?",
        "userDefined": false
      }
    ],
    "isTemplate": false,
    "count": 0,
    "updated": 0
  }
]