[
  {
    "id": "6ef3c1d2-5dd2-4c57-99b0-abff12cbffcd",
    "data": [
      {
        "text": "docentes derecho",
        "userDefined": false
      }
    ],
    "isTemplate": false,
    "count": 0,
    "updated": 0
  },
  {
    "id": "43271d70-1501-49ea-9976-aff90310a6c6",
    "data": [
      {
        "text": "listado de docentes de derecho",
        "userDefined": false
      }
    ],
    "isTemplate": false,
    "count": 0,
    "updated": 0
  },
  {
    "id": "08fa1e0e-94a9-44d9-b5d4-823352ca2ceb",
    "data": [
      {
        "text": "soy de derecho",
        "userDefined": false
      }
    ],
    "isTemplate": false,
    "count": 0,
    "updated": 0
  },
  {
    "id": "7019b42a-abc5-49fb-a72e-54b5228695b4",
    "data": [
      {
        "text": "escuela de derecho",
        "userDefined": false
      }
    ],
    "isTemplate": false,
    "count": 0,
    "updated": 0
  },
  {
    "id": "17dc2b49-3855-48c0-bf47-67efd92bf900",
    "data": [
      {
        "text": "derecho",
        "userDefined": false
      }
    ],
    "isTemplate": false,
    "count": 0,
    "updated": 0
  }
]