[
  {
    "id": "9db03969-a1f8-4f1d-b87a-5c03aef4a81a",
    "data": [
      {
        "text": "quien es tu programado?",
        "userDefined": false
      }
    ],
    "isTemplate": false,
    "count": 0,
    "updated": 0
  },
  {
    "id": "9f1620ca-68c8-4ed1-8518-5664c5140d11",
    "data": [
      {
        "text": "quien es tu programador?",
        "userDefined": false
      }
    ],
    "isTemplate": false,
    "count": 0,
    "updated": 0
  },
  {
    "id": "157d01c2-503c-490e-a1f9-40ad19ef2162",
    "data": [
      {
        "text": "como se llama tu programador?",
        "userDefined": false
      }
    ],
    "isTemplate": false,
    "count": 0,
    "updated": 0
  },
  {
    "id": "0a54f1f6-44b2-4d5f-95ef-4810268230c0",
    "data": [
      {
        "text": "quien te programo?",
        "userDefined": false
      }
    ],
    "isTemplate": false,
    "count": 0,
    "updated": 0
  },
  {
    "id": "3e695ff3-5da3-44bc-b4b8-dabe642fa464",
    "data": [
      {
        "text": "como se llama tu creador?",
        "userDefined": false
      }
    ],
    "isTemplate": false,
    "count": 0,
    "updated": 0
  },
  {
    "id": "5c391c7d-5718-4adc-ad6e-e283d25626a5",
    "data": [
      {
        "text": "quien es tu creador?",
        "userDefined": false
      }
    ],
    "isTemplate": false,
    "count": 0,
    "updated": 0
  },
  {
    "id": "e0f56bd1-64cc-4823-aecb-7f2541ec8a74",
    "data": [
      {
        "text": "quien te creo?",
        "userDefined": false
      }
    ],
    "isTemplate": false,
    "count": 0,
    "updated": 0
  }
]