[
  {
    "id": "e374e1a1-1932-4924-b855-d302bd858e6c",
    "data": [
      {
        "text": "donde puedo hacer mis pagos?",
        "userDefined": false
      }
    ],
    "isTemplate": false,
    "count": 0,
    "updated": 0
  },
  {
    "id": "2b720cf0-3bab-420e-ab1d-02d89d83beba",
    "data": [
      {
        "text": "bancos",
        "meta": "@sys.ignore",
        "userDefined": false
      },
      {
        "text": " para pagar online",
        "userDefined": false
      }
    ],
    "isTemplate": false,
    "count": 0,
    "updated": 0
  },
  {
    "id": "6f67d080-adac-4645-9eac-c24a565706c1",
    "data": [
      {
        "text": "en que ",
        "userDefined": false
      },
      {
        "text": "bancos",
        "meta": "@sys.ignore",
        "userDefined": false
      },
      {
        "text": " puedo pagar?",
        "userDefined": false
      }
    ],
    "isTemplate": false,
    "count": 0,
    "updated": 0
  }
]