[
  {
    "id": "2a3b4313-6e98-44e4-a278-08582ae0c7cd",
    "data": [
      {
        "text": "kiero matricularme",
        "userDefined": false
      }
    ],
    "isTemplate": false,
    "count": 1,
    "updated": 0
  },
  {
    "id": "fe8933c1-c60b-42f6-a83f-d14f9be661a7",
    "data": [
      {
        "text": "como me matriculo online",
        "userDefined": false
      }
    ],
    "isTemplate": false,
    "count": 0,
    "updated": 0
  },
  {
    "id": "9b23bef4-e2ce-4547-957a-a24ec8031a15",
    "data": [
      {
        "text": "como me puedo matricular",
        "userDefined": false
      }
    ],
    "isTemplate": false,
    "count": 0,
    "updated": 0
  },
  {
    "id": "d23c237d-9118-4922-9a29-97194f586e41",
    "data": [
      {
        "text": "como puedo entrar al sistema erp",
        "userDefined": false
      }
    ],
    "isTemplate": false,
    "count": 0,
    "updated": 0
  },
  {
    "id": "319ef28e-f066-43fc-91f3-10f9985347d7",
    "data": [
      {
        "text": "como entro al ERP",
        "userDefined": false
      }
    ],
    "isTemplate": false,
    "count": 0,
    "updated": 0
  },
  {
    "id": "ce673614-9657-4399-adb2-32d00856b91f",
    "data": [
      {
        "text": "como veo mis notas",
        "userDefined": false
      }
    ],
    "isTemplate": false,
    "count": 0,
    "updated": 0
  },
  {
    "id": "6e131291-ef48-4b22-869f-fa581b7efe67",
    "data": [
      {
        "text": "link del erp educa",
        "userDefined": false
      }
    ],
    "isTemplate": false,
    "count": 0,
    "updated": 0
  },
  {
    "id": "82806a2c-962a-4231-ba71-005523eea4f6",
    "data": [
      {
        "text": "erp educa",
        "userDefined": false
      }
    ],
    "isTemplate": false,
    "count": 0,
    "updated": 0
  },
  {
    "id": "0107c1a1-4558-4a6c-9d91-6af92117292a",
    "data": [
      {
        "text": "donde puedo ver mis notas",
        "userDefined": false
      }
    ],
    "isTemplate": false,
    "count": 0,
    "updated": 0
  },
  {
    "id": "feb47390-efa7-4468-9c3a-1450cc97fc75",
    "data": [
      {
        "text": "BUENOS DIAS, POR FAVOR ME PUEDE PASAR EL LINK PARA VISUALIZAR LAS NOTAS,GRACIAS",
        "userDefined": false
      }
    ],
    "isTemplate": false,
    "count": 0,
    "updated": 0
  }
]