[
  {
    "id": "1dd33896-7517-4b7b-89a0-22b556c142f0",
    "data": [
      {
        "text": "como me suscribo",
        "userDefined": false
      }
    ],
    "isTemplate": false,
    "count": 0,
    "updated": 0
  },
  {
    "id": "0814050d-b876-4a79-bfb0-b6cacacf6b02",
    "data": [
      {
        "text": "quiero suscribirme",
        "userDefined": false
      }
    ],
    "isTemplate": false,
    "count": 0,
    "updated": 0
  },
  {
    "id": "011fce22-59f2-47e1-98f8-b84aa986d1aa",
    "data": [
      {
        "text": "quisiera suscribirme",
        "userDefined": false
      }
    ],
    "isTemplate": false,
    "count": 0,
    "updated": 0
  }
]