[
  {
    "id": "aad45f4f-3a18-465d-8438-cfe0bdee1f1f",
    "data": [
      {
        "text": "como puedo estudiar a distancia",
        "userDefined": false
      }
    ],
    "isTemplate": false,
    "count": 0,
    "updated": 0
  },
  {
    "id": "c7fe4306-4244-4c46-8a4f-d444589d34d6",
    "data": [
      {
        "text": "informacion de carreras a distancia",
        "userDefined": false
      }
    ],
    "isTemplate": false,
    "count": 0,
    "updated": 0
  },
  {
    "id": "a0e06cdf-bb6e-4ff9-9ff4-ed03ad838372",
    "data": [
      {
        "text": "estudios a distancia",
        "userDefined": false
      }
    ],
    "isTemplate": false,
    "count": 0,
    "updated": 0
  },
  {
    "id": "7b7ab544-513f-44da-89b1-e497250c490b",
    "data": [
      {
        "text": "tienen carreras a distancia?",
        "userDefined": false
      }
    ],
    "isTemplate": false,
    "count": 0,
    "updated": 0
  },
  {
    "id": "c2a7e906-0262-48b9-b234-55f0cd3af2ab",
    "data": [
      {
        "text": "se puede estudiar a distancia?",
        "userDefined": false
      }
    ],
    "isTemplate": false,
    "count": 0,
    "updated": 0
  }
]