[
  {
    "id": "7e1b7cdd-d359-4c5a-8ec2-535cbf496311",
    "data": [
      {
        "text": "cual es tu edad?",
        "userDefined": false
      }
    ],
    "isTemplate": false,
    "count": 0,
    "updated": 0
  },
  {
    "id": "eec966ba-335d-4b53-994a-11fbf6a4f0da",
    "data": [
      {
        "text": "que edad tienes?",
        "userDefined": false
      }
    ],
    "isTemplate": false,
    "count": 0,
    "updated": 0
  },
  {
    "id": "8bee9744-9ac3-4552-ae3c-f0ff31d2c296",
    "data": [
      {
        "text": "cuantos ",
        "userDefined": false
      },
      {
        "text": "años",
        "meta": "@sys.ignore",
        "userDefined": false
      },
      {
        "text": " tienes?",
        "userDefined": false
      }
    ],
    "isTemplate": false,
    "count": 0,
    "updated": 0
  }
]