[
  {
    "id": "d6530644-c8c6-4b76-92e9-7c1a3125ed1c",
    "data": [
      {
        "text": "que sabes sobre la UJCM",
        "userDefined": false
      }
    ],
    "isTemplate": false,
    "count": 0,
    "updated": 0
  },
  {
    "id": "51f69d57-59cd-4ef3-86fb-7a5108e2babc",
    "data": [
      {
        "text": "que me puedes contar sobre la ",
        "userDefined": false
      },
      {
        "text": "universidad",
        "meta": "@sys.ignore",
        "userDefined": false
      }
    ],
    "isTemplate": false,
    "count": 0,
    "updated": 0
  },
  {
    "id": "0b71757f-e943-4e55-b265-b1ddfd36d75a",
    "data": [
      {
        "text": "informacion sobre la ",
        "userDefined": false
      },
      {
        "text": "universidad",
        "meta": "@sys.ignore",
        "userDefined": false
      }
    ],
    "isTemplate": false,
    "count": 0,
    "updated": 0
  }
]