[
  {
    "id": "7eb8c3f5-1234-41c2-9df1-924388bef44c",
    "data": [
      {
        "text": "tienen carreras los ",
        "userDefined": false
      },
      {
        "text": "sabados",
        "meta": "@sys.ignore",
        "userDefined": false
      },
      {
        "text": " y ",
        "userDefined": false
      },
      {
        "text": "domingos",
        "meta": "@sys.ignore",
        "userDefined": false
      },
      {
        "text": "?",
        "userDefined": false
      }
    ],
    "isTemplate": false,
    "count": 0,
    "updated": 0
  }
]