[
  {
    "id": "fa4cade5-4b63-42db-8452-718b43a8a30d",
    "data": [
      {
        "text": "cuando llegan los carnets?",
        "userDefined": false
      }
    ],
    "isTemplate": false,
    "count": 2,
    "updated": 0
  },
  {
    "id": "5c76357c-c89c-4467-b4ed-7fc2ae4fd4fd",
    "data": [
      {
        "text": "carnet universitario",
        "userDefined": false
      }
    ],
    "isTemplate": false,
    "count": 0,
    "updated": 0
  },
  {
    "id": "ae4e45e9-ad68-4d45-8933-5dae76c3070f",
    "data": [
      {
        "text": "carnet",
        "userDefined": false
      }
    ],
    "isTemplate": false,
    "count": 0,
    "updated": 0
  },
  {
    "id": "bd27316b-41d6-4deb-86c6-7e1fa9040bd0",
    "data": [
      {
        "text": "donde recojo el carnet",
        "userDefined": false
      }
    ],
    "isTemplate": false,
    "count": 0,
    "updated": 0
  },
  {
    "id": "e1fe5770-8d41-4da7-b39f-3f3e820a9712",
    "data": [
      {
        "text": "buenas, donde puedo recoger mi carnet?",
        "userDefined": false
      }
    ],
    "isTemplate": false,
    "count": 0,
    "updated": 0
  }
]