[
  {
    "id": "af937c76-4711-4075-abc3-cb6b7bb21be9",
    "data": [
      {
        "text": "como tramito en linea",
        "userDefined": false
      }
    ],
    "isTemplate": false,
    "count": 3,
    "updated": 0
  },
  {
    "id": "387b8480-3a46-4424-b5ca-65c2670a585a",
    "data": [
      {
        "text": "donde puedo hacer mis tramites online?",
        "userDefined": false
      }
    ],
    "isTemplate": false,
    "count": 3,
    "updated": 0
  },
  {
    "id": "6146b28b-ed58-491e-99c7-ba58cdfa523b",
    "data": [
      {
        "text": "como le hago para tramitar de manera online",
        "userDefined": false
      }
    ],
    "isTemplate": false,
    "count": 0,
    "updated": 0
  },
  {
    "id": "49ff28af-aaec-414e-8a89-feb222a0c4d8",
    "data": [
      {
        "text": "como hago tramites electronicos",
        "userDefined": false
      }
    ],
    "isTemplate": false,
    "count": 0,
    "updated": 0
  },
  {
    "id": "b4c12ec6-7ba3-402e-b7be-514a62ab8166",
    "data": [
      {
        "text": "tramite electronico",
        "userDefined": false
      }
    ],
    "isTemplate": false,
    "count": 0,
    "updated": 0
  },
  {
    "id": "d621cd71-b3c8-4fdf-bb47-384506ee65aa",
    "data": [
      {
        "text": "tramites en linea",
        "userDefined": false
      }
    ],
    "isTemplate": false,
    "count": 0,
    "updated": 0
  },
  {
    "id": "85514f76-b08a-4bc8-b536-7778be7098bf",
    "data": [
      {
        "text": "como hago tramites en linea",
        "userDefined": false
      }
    ],
    "isTemplate": false,
    "count": 0,
    "updated": 0
  },
  {
    "id": "d01f203d-66c9-48b1-a808-eae545020a33",
    "data": [
      {
        "text": "como hago para tramitar",
        "userDefined": false
      }
    ],
    "isTemplate": false,
    "count": 0,
    "updated": 0
  },
  {
    "id": "bc809a93-6f1b-4a7e-9562-7a679699b852",
    "data": [
      {
        "text": "quiero tramitar",
        "userDefined": false
      }
    ],
    "isTemplate": false,
    "count": 0,
    "updated": 0
  },
  {
    "id": "47aad2d4-69b8-470a-95c5-32656926c480",
    "data": [
      {
        "text": "tramitar",
        "userDefined": false
      }
    ],
    "isTemplate": false,
    "count": 0,
    "updated": 0
  },
  {
    "id": "9dacc9ed-f0b5-46e2-a96a-9db3cf9137d9",
    "data": [
      {
        "text": "tramite",
        "userDefined": false
      }
    ],
    "isTemplate": false,
    "count": 0,
    "updated": 0
  },
  {
    "id": "73f830ce-870e-40e7-abcd-b1bb837529d2",
    "data": [
      {
        "text": "quiero hacer tramites en linea",
        "userDefined": false
      }
    ],
    "isTemplate": false,
    "count": 0,
    "updated": 0
  },
  {
    "id": "367fa808-d70c-4955-95a4-bcd952761997",
    "data": [
      {
        "text": "como hago para hacer tramites en linea",
        "userDefined": false
      }
    ],
    "isTemplate": false,
    "count": 0,
    "updated": 0
  }
]