[
  {
    "id": "76b07298-386d-4257-bd6d-5524bdf583ce",
    "data": [
      {
        "text": "tienen cepu",
        "userDefined": false
      }
    ],
    "isTemplate": false,
    "count": 0,
    "updated": 0
  },
  {
    "id": "94036b1e-8d25-43c6-8e7b-8b909e020f4f",
    "data": [
      {
        "text": "cuentan con ",
        "userDefined": false
      },
      {
        "text": "centro",
        "meta": "@sys.ignore",
        "userDefined": false
      },
      {
        "text": " de preparacion",
        "userDefined": false
      }
    ],
    "isTemplate": false,
    "count": 0,
    "updated": 0
  },
  {
    "id": "47d5d132-28c0-4571-bd7b-1189f2a99eee",
    "data": [
      {
        "text": "centro",
        "meta": "@sys.ignore",
        "userDefined": false
      },
      {
        "text": " pre universitario",
        "userDefined": false
      }
    ],
    "isTemplate": false,
    "count": 0,
    "updated": 0
  },
  {
    "id": "1ce64a53-0920-472f-bd98-ab7e2286cdab",
    "data": [
      {
        "text": "cepu",
        "userDefined": false
      }
    ],
    "isTemplate": false,
    "count": 0,
    "updated": 0
  }
]