[
  {
    "id": "2817753e-a90a-4799-b710-cc0df2346709",
    "data": [
      {
        "text": "Un",
        "alias": "time",
        "meta": "@sys.time",
        "userDefined": false
      },
      {
        "text": " numero para comunicarme",
        "userDefined": false
      }
    ],
    "isTemplate": false,
    "count": 0,
    "updated": 0
  },
  {
    "id": "14d37595-7f92-4d65-a051-a1b484525a06",
    "data": [
      {
        "text": "Buenas tardes, por favor podrian indicar el número de teléfono de la filial ",
        "userDefined": false
      },
      {
        "text": "Tacna",
        "alias": "geo-city",
        "meta": "@sys.geo-city",
        "userDefined": false
      },
      {
        "text": "?",
        "userDefined": false
      }
    ],
    "isTemplate": false,
    "count": 0,
    "updated": 0
  },
  {
    "id": "0c0d17fb-7ca8-43ba-896a-07db76df19b3",
    "data": [
      {
        "text": "por favor podrian indicar el número de teléfono de la filial ",
        "userDefined": false
      },
      {
        "text": "Tacna",
        "alias": "geo-city",
        "meta": "@sys.geo-city",
        "userDefined": false
      },
      {
        "text": "?",
        "userDefined": false
      }
    ],
    "isTemplate": false,
    "count": 1,
    "updated": 0
  },
  {
    "id": "14d37595-7f92-4d65-a051-a1b484525a06",
    "data": [
      {
        "text": "Buenas tardes, por favor podrian indicar el número de teléfono de la filial ",
        "userDefined": false
      },
      {
        "text": "Tacna",
        "meta": "@sys.ignore",
        "userDefined": false
      },
      {
        "text": "?",
        "userDefined": false
      }
    ],
    "isTemplate": false,
    "count": 0,
    "updated": 0
  },
  {
    "id": "6885e5d9-333b-4c75-b8bf-1eca02170bc9",
    "data": [
      {
        "text": "me posria dar ",
        "userDefined": false
      },
      {
        "text": "un",
        "alias": "time",
        "meta": "@sys.time",
        "userDefined": false
      },
      {
        "text": " numero... de sucursal en ",
        "userDefined": false
      },
      {
        "text": "tacna",
        "alias": "geo-city",
        "meta": "@sys.geo-city",
        "userDefined": false
      }
    ],
    "isTemplate": false,
    "count": 2,
    "updated": 0
  },
  {
    "id": "4d5fc53c-0def-4e32-a783-0fd268a3cfbe",
    "data": [
      {
        "text": "telefonos",
        "userDefined": false
      }
    ],
    "isTemplate": false,
    "count": 0,
    "updated": 0
  },
  {
    "id": "7bee8006-4ae8-4dda-bc66-7a916f7df2ab",
    "data": [
      {
        "text": "hola, con que numero puedo contactar con ustedes",
        "userDefined": false
      }
    ],
    "isTemplate": false,
    "count": 0,
    "updated": 0
  },
  {
    "id": "476aa479-0c28-4ed1-b61d-03d48cbc3da2",
    "data": [
      {
        "text": "numero de telefono",
        "userDefined": false
      }
    ],
    "isTemplate": false,
    "count": 0,
    "updated": 0
  },
  {
    "id": "7feb2946-2210-43b7-a6d9-23c73aaf5b20",
    "data": [
      {
        "text": "numero de celular",
        "userDefined": false
      }
    ],
    "isTemplate": false,
    "count": 0,
    "updated": 0
  },
  {
    "id": "8aaac04d-55af-42cd-a3bf-7bdec4f5f37e",
    "data": [
      {
        "text": "cual es su numero",
        "userDefined": false
      }
    ],
    "isTemplate": false,
    "count": 0,
    "updated": 0
  },
  {
    "id": "262292e8-1d33-444c-980b-3962cd767333",
    "data": [
      {
        "text": "cual es su celular",
        "userDefined": false
      }
    ],
    "isTemplate": false,
    "count": 0,
    "updated": 0
  },
  {
    "id": "7556a6cb-74d0-4e63-9066-6c549432d1f3",
    "data": [
      {
        "text": "a donde puedo llamar",
        "userDefined": false
      }
    ],
    "isTemplate": false,
    "count": 0,
    "updated": 0
  },
  {
    "id": "8885a117-1d72-4ec3-9fad-5d35adbe5364",
    "data": [
      {
        "text": "a que numero telefonico puedo llamar",
        "userDefined": false
      }
    ],
    "isTemplate": false,
    "count": 0,
    "updated": 0
  }
]