[
  {
    "id": "76223c4e-a63c-4948-83a0-2d2beded58b4",
    "data": [
      {
        "text": "administracion",
        "userDefined": false
      }
    ],
    "isTemplate": false,
    "count": 0,
    "updated": 0
  },
  {
    "id": "285e66ac-7617-4dc6-bb2e-a9e877eb16e9",
    "data": [
      {
        "text": "pertenezco a administracion",
        "userDefined": false
      }
    ],
    "isTemplate": false,
    "count": 0,
    "updated": 0
  },
  {
    "id": "dbf2f66e-769c-454f-a5cb-1c3f4c4729fb",
    "data": [
      {
        "text": "ciencias administrativas y marketing estrategico",
        "userDefined": false
      }
    ],
    "isTemplate": false,
    "count": 0,
    "updated": 0
  },
  {
    "id": "1fbb0cfb-775b-4230-b4ce-21009eb068fc",
    "data": [
      {
        "text": "Ciencias Administrativas y Marketing Estratégico",
        "userDefined": false
      }
    ],
    "isTemplate": false,
    "count": 0,
    "updated": 0
  },
  {
    "id": "3d3cbb7e-61b2-4a4c-b45e-2d373f162ca6",
    "data": [
      {
        "text": "ciencias administrativas",
        "userDefined": false
      }
    ],
    "isTemplate": false,
    "count": 0,
    "updated": 0
  },
  {
    "id": "fed5c7b6-9828-4e8d-910d-1bb5075d5c9e",
    "data": [
      {
        "text": "soy de marketing estrategico",
        "userDefined": false
      }
    ],
    "isTemplate": false,
    "count": 0,
    "updated": 0
  },
  {
    "id": "bc0d70b3-5146-4f20-ab96-1209f4af3281",
    "data": [
      {
        "text": "soy de administracion",
        "userDefined": false
      }
    ],
    "isTemplate": false,
    "count": 0,
    "updated": 0
  }
]