[
  {
    "id": "ad40f9db-4c55-4cbb-9f5d-280c2679b241",
    "data": [
      {
        "text": "pertenezco a psicologia",
        "userDefined": false
      }
    ],
    "isTemplate": false,
    "count": 0,
    "updated": 0
  },
  {
    "id": "e1178137-6572-48cb-9e0e-12d5ecaf2a3c",
    "data": [
      {
        "text": "escuela profesional de psicologia",
        "userDefined": false
      }
    ],
    "isTemplate": false,
    "count": 0,
    "updated": 0
  },
  {
    "id": "08d488f3-cc6a-40b2-9b55-5392c24c75b3",
    "data": [
      {
        "text": "psicologia",
        "userDefined": false
      }
    ],
    "isTemplate": false,
    "count": 0,
    "updated": 0
  },
  {
    "id": "cc7367a7-8ec1-4a71-8fb8-d194e488074e",
    "data": [
      {
        "text": "escuela de psicologia",
        "userDefined": false
      }
    ],
    "isTemplate": false,
    "count": 0,
    "updated": 0
  },
  {
    "id": "996c9a00-6d2e-4831-905f-2bcfaf86c6aa",
    "data": [
      {
        "text": "soy de psicologia",
        "userDefined": false
      }
    ],
    "isTemplate": false,
    "count": 0,
    "updated": 0
  }
]