[
  {
    "id": "937ddc7e-4f15-410a-b402-c7b117cbf8d0",
    "data": [
      {
        "text": "soy de la escuela de educacion fisica",
        "userDefined": false
      }
    ],
    "isTemplate": false,
    "count": 0,
    "updated": 0
  },
  {
    "id": "8a192601-4b12-4be8-8e1e-32c826f1c3a1",
    "data": [
      {
        "text": "pertenezco a educacion fisica",
        "userDefined": false
      }
    ],
    "isTemplate": false,
    "count": 0,
    "updated": 0
  },
  {
    "id": "274bbd32-cb93-4cce-84b8-3cf410b990c0",
    "data": [
      {
        "text": "soy de educacion fisica",
        "userDefined": false
      }
    ],
    "isTemplate": false,
    "count": 0,
    "updated": 0
  },
  {
    "id": "d7bd036a-5a6a-4f88-87e7-c63ef70c1c0a",
    "data": [
      {
        "text": "educacion fisica",
        "userDefined": false
      }
    ],
    "isTemplate": false,
    "count": 0,
    "updated": 0
  },
  {
    "id": "fd6554b8-41ed-4608-8857-529ad949525f",
    "data": [
      {
        "text": "Educación Física",
        "userDefined": false
      }
    ],
    "isTemplate": false,
    "count": 0,
    "updated": 0
  }
]