[
  {
    "id": "653324f1-51a8-4533-82f9-5b02be8a46c6",
    "data": [
      {
        "text": "Modelo de declaración jurada",
        "userDefined": false
      }
    ],
    "isTemplate": false,
    "count": 0,
    "updated": 0
  },
  {
    "id": "35e2d32e-fbfb-411e-a517-99a705651701",
    "data": [
      {
        "text": "formato de declaracion jurada para ",
        "userDefined": false
      },
      {
        "text": "bachiller",
        "meta": "@sys.ignore",
        "userDefined": false
      }
    ],
    "isTemplate": false,
    "count": 0,
    "updated": 0
  },
  {
    "id": "9b11c409-3246-41d0-a377-a893334add1c",
    "data": [
      {
        "text": "formato de declaracion jurada",
        "userDefined": false
      }
    ],
    "isTemplate": false,
    "count": 0,
    "updated": 0
  },
  {
    "id": "f95aa11d-15dd-44ca-a602-62c620a74c5c",
    "data": [
      {
        "text": "quiero el formato de declaracion jurada para el ",
        "userDefined": false
      },
      {
        "text": "grado de bachiller",
        "meta": "@sys.ignore",
        "userDefined": false
      }
    ],
    "isTemplate": false,
    "count": 0,
    "updated": 0
  }
]