[
  {
    "id": "5c3519e7-411b-4922-89ad-e25f910a7ef5",
    "data": [
      {
        "text": "bot rata",
        "userDefined": false
      }
    ],
    "isTemplate": false,
    "count": 0,
    "updated": 0
  },
  {
    "id": "97df58ac-5904-4d25-80c4-2376c19858b8",
    "data": [
      {
        "text": "robot",
        "userDefined": false
      }
    ],
    "isTemplate": false,
    "count": 0,
    "updated": 0
  },
  {
    "id": "601f6cf4-a34a-43ae-a142-502259598fcd",
    "data": [
      {
        "text": "bot",
        "userDefined": false
      }
    ],
    "isTemplate": false,
    "count": 0,
    "updated": 0
  }
]