[
  {
    "id": "0400bb06-453d-4d67-9eca-a812941cc377",
    "data": [
      {
        "text": "eso no quiero",
        "userDefined": false
      }
    ],
    "isTemplate": false,
    "count": 3,
    "updated": 0
  },
  {
    "id": "d345bf97-033b-4db7-ad16-90852149b669",
    "data": [
      {
        "text": "no me dijiste nada",
        "userDefined": false
      }
    ],
    "isTemplate": false,
    "count": 3,
    "updated": 0
  },
  {
    "id": "cf93a8b2-6c57-4513-83f0-5b16ef0122f7",
    "data": [
      {
        "text": "no sirve",
        "userDefined": false
      }
    ],
    "isTemplate": false,
    "count": 0,
    "updated": 0
  },
  {
    "id": "8a37a088-5a88-4d49-a808-b2fb7aedb33e",
    "data": [
      {
        "text": "no me dijiste lo que queria",
        "userDefined": false
      }
    ],
    "isTemplate": false,
    "count": 0,
    "updated": 0
  },
  {
    "id": "9179ab34-0e23-451e-9ffe-be28dab8dde8",
    "data": [
      {
        "text": "tienes errores",
        "userDefined": false
      }
    ],
    "isTemplate": false,
    "count": 0,
    "updated": 0
  },
  {
    "id": "2c1f6428-d3d9-4af7-890a-1673a0e22900",
    "data": [
      {
        "text": "tienes bugs",
        "userDefined": false
      }
    ],
    "isTemplate": false,
    "count": 0,
    "updated": 0
  },
  {
    "id": "5bda784c-a7e4-4667-b0bb-9d887961dae3",
    "data": [
      {
        "text": "bot con bugs",
        "userDefined": false
      }
    ],
    "isTemplate": false,
    "count": 0,
    "updated": 0
  }
]