[
  {
    "id": "45a97f64-437d-480f-a204-fbc79bc9501b",
    "data": [
      {
        "text": "jaja",
        "userDefined": false
      }
    ],
    "isTemplate": false,
    "count": 0,
    "updated": 0
  },
  {
    "id": "b90d4f70-a203-4d8e-b66f-2e40984a5faf",
    "data": [
      {
        "text": "jajajaja",
        "userDefined": false
      }
    ],
    "isTemplate": false,
    "count": 0,
    "updated": 0
  },
  {
    "id": "099222ca-ecd4-4003-b555-a3199bbab2d1",
    "data": [
      {
        "text": "sorprendeme",
        "userDefined": false
      }
    ],
    "isTemplate": false,
    "count": 0,
    "updated": 0
  },
  {
    "id": "fdf51c39-f79f-4225-a537-4ff34ac64978",
    "data": [
      {
        "text": "jajaja",
        "userDefined": false
      }
    ],
    "isTemplate": false,
    "count": 1,
    "updated": 0
  },
  {
    "id": "7bdcdf70-ee9d-46c6-9d61-cb1f811880c1",
    "data": [
      {
        "text": "jajajajaj",
        "userDefined": false
      }
    ],
    "isTemplate": false,
    "count": 0,
    "updated": 0
  },
  {
    "id": "6094c33e-d608-490a-b0b2-5539673aeded",
    "data": [
      {
        "text": "jaj",
        "userDefined": false
      }
    ],
    "isTemplate": false,
    "count": 0,
    "updated": 0
  }
]